{"cameraMode":{"drawMode":0,"name":"Shaded","section":"Shading Mode"},"sceneLighting":true,"audioPlay":false,"sceneViewState":{"m_AlwaysRefresh":false,"showFog":true,"showSkybox":true,"showFlares":true,"showImageEffects":true,"showParticleSystems":true,"showVisualEffectGraphs":true,"m_FxEnabled":true},"in2DMode":false,"pivot":{"x":-0.19927389919757844,"y":4.148819923400879,"z":-0.9305880069732666},"rotation":{"x":0.17871448397636414,"y":-0.3824761211872101,"z":0.07566586136817932,"w":0.9033676981925964},"size":2.5962235927581789,"orthographic":false}